﻿{
  "$schema": "https://schema.management.azure.com/schemas/2015-01-01/deploymentTemplate.json#",
  "contentVersion": "1.0.0.0",
  "parameters": {
    "adminPassword": {
      "metadata": {
        "description": "Password for the Virtual Machine."
      },
      "type": "securestring"
    },
    "adminUsername": {
      "metadata": {
        "description": "Username for the Virtual Machine."
      },
      "type": "string"
    },
    "dnsNameForPublicIP": {
      "metadata": {
        "description": "Unique DNS Name for the Public IP used to access the Virtual Machine."
      },
      "type": "string"
    },
    "imageSku": {
      "allowedValues": [
        "VS-2015-Community-AzureSDK-2.7-WS2012R2",
        "VS-2015-Enterprise-AzureSDK-2.7-WS2012R2"
      ],
      "defaultValue": "VS-2015-Community-AzureSDK-2.7-WS2012R2",
      "metadata": {
        "description": "The Visual Studio version for the VM. This will pick a fully patched image of this Visual Studio version. Allowed values: VS-2015-Community-AzureSDK-2.7-WS2012R2, VS-2015-Enterprise-AzureSDK-2.7-WS2012R2."
      },
      "type": "string"
    },
    "newStorageAccountName": {
      "metadata": {
        "description": "Unique DNS Name for the Storage Account where the Virtual Machine's disks will be placed."
      },
      "type": "string"
    },
    "resourcesLocation": {
      "allowedValues": [
        "West US",
        "East US 2",
        "West Europe",
        "East China",
        "Southeast Asia",
        "West Japan",
        "Australia East"
      ],
      "defaultValue": "East US 2",
      "metadata": {
        "description": "The location of resources created in this template. Default value is the resource group location."
      },
      "type": "string"
    }
  },
  "resources": [
    {
      "apiVersion": "2015-05-01-preview",
      "location": "[variables('location')]",
      "name": "[parameters('newStorageAccountName')]",
      "properties": {
        "accountType": "[variables('storageAccountType')]"
      },
      "tags": {
        "displayName": "StorageAccount"
      },
      "type": "Microsoft.Storage/storageAccounts"
    },
    {
      "apiVersion": "2015-05-01-preview",
      "location": "[variables('location')]",
      "name": "[variables('publicIPAddressName')]",
      "properties": {
        "dnsSettings": {
          "domainNameLabel": "[parameters('dnsNameForPublicIP')]"
        },
        "publicIPAllocationMethod": "[variables('publicIPAddressType')]"
      },
      "tags": {
        "displayName": "PublicIPAddress"
      },
      "type": "Microsoft.Network/publicIPAddresses"
    },
    {
      "apiVersion": "2015-05-01-preview",
      "location": "[variables('location')]",
      "name": "[variables('virtualNetworkName')]",
      "properties": {
        "addressSpace": {
          "addressPrefixes": [
            "[variables('addressPrefix')]"
          ]
        },
        "subnets": [
          {
            "name": "[variables('subnetName')]",
            "properties": {
              "addressPrefix": "[variables('subnetPrefix')]"
            }
          }
        ]
      },
      "tags": {
        "displayName": "VirtualNetwork"
      },
      "type": "Microsoft.Network/virtualNetworks"
    },
    {
      "apiVersion": "2015-05-01-preview",
      "dependsOn": [
        "[concat('Microsoft.Network/publicIPAddresses/', variables('publicIPAddressName'))]",
        "[concat('Microsoft.Network/virtualNetworks/', variables('virtualNetworkName'))]"
      ],
      "location": "[variables('location')]",
      "name": "[variables('nicName')]",
      "properties": {
        "ipConfigurations": [
          {
            "name": "ipconfig1",
            "properties": {
              "privateIPAllocationMethod": "Dynamic",
              "publicIPAddress": {
                "id": "[resourceId('Microsoft.Network/publicIPAddresses',variables('publicIPAddressName'))]"
              },
              "subnet": {
                "id": "[variables('subnetRef')]"
              }
            }
          }
        ]
      },
      "tags": {
        "displayName": "NetworkInterface"
      },
      "type": "Microsoft.Network/networkInterfaces"
    },
    {
      "apiVersion": "2015-05-01-preview",
      "dependsOn": [
        "[concat('Microsoft.Storage/storageAccounts/', parameters('newStorageAccountName'))]",
        "[concat('Microsoft.Network/networkInterfaces/', variables('nicName'))]"
      ],
      "location": "[variables('location')]",
      "name": "[variables('vmName')]",
      "properties": {
        "hardwareProfile": {
          "vmSize": "[variables('vmSize')]"
        },
        "networkProfile": {
          "networkInterfaces": [
            {
              "id": "[resourceId('Microsoft.Network/networkInterfaces',variables('nicName'))]"
            }
          ]
        },
        "osProfile": {
          "adminPassword": "[parameters('adminPassword')]",
          "adminUsername": "[parameters('adminUsername')]",
          "computername": "[variables('vmName')]"
        },
        "storageProfile": {
          "imageReference": {
            "offer": "[variables('imageOffer')]",
            "publisher": "[variables('imagePublisher')]",
            "sku": "[parameters('imageSku')]",
            "version": "latest"
          },
          "osDisk": {
            "caching": "ReadWrite",
            "createOption": "FromImage",
            "name": "osdisk",
            "vhd": {
              "uri": "[concat('http://',parameters('newStorageAccountName'),'.blob.core.windows.net/',variables('vmStorageAccountContainerName'),'/',variables('OSDiskName'),'.vhd')]"
            }
          }
        }
      },
      "tags": {
        "displayName": "VirtualMachine"
      },
      "type": "Microsoft.Compute/virtualMachines"
    }
  ],
  "variables": {
    "OSDiskName": "osdisk-devbox",
    "addressPrefix": "10.0.0.0/16",
    "imageOffer": "VisualStudio",
    "imagePublisher": "MicrosoftVisualStudio",
    "location": "[parameters('resourcesLocation')]",
    "nicName": "devBoxNic",
    "publicIPAddressName": "devBoxPublicIP",
    "publicIPAddressType": "Dynamic",
    "storageAccountType": "Premium_LRS",
    "subnetName": "Subnet",
    "subnetPrefix": "10.0.0.0/24",
    "subnetRef": "[concat(variables('vnetID'),'/subnets/',variables('subnetName'))]",
    "virtualNetworkName": "MyVNET",
    "vmName": "MyDevBoxVM",
    "vmSize": "Standard_DS2",
    "vmStorageAccountContainerName": "vhds",
    "vnetID": "[resourceId('Microsoft.Network/virtualNetworks',variables('virtualNetworkName'))]"
  }
}
